seq_len,head_dim,dtype,causal,batch_size,heads,device,method,backend,status,error,mean_latency_ms,median_latency_ms,min_latency_ms,max_latency_ms,std_latency_ms,memory_allocated_bytes
128,32,float16,False,1,16,cuda,sdpa_auto,cuda_sdpa_auto,ok,,0.009945599967613817,0.009872000198811293,0.009216000325977802,0.010784000158309937,0.0003399537571754922,533504
128,32,float16,False,1,16,cuda,flash_forced,cuda_sdpa_flash_forced,ok,,0.010271999845281243,0.010239999741315842,0.00979200005531311,0.010879999957978725,0.0002762028446980962,533504
128,32,float16,True,1,16,cuda,sdpa_auto,cuda_sdpa_auto,ok,,0.010284799942746758,0.010239999741315842,0.009983999654650688,0.010912000201642513,0.00021924091845644777,533504
128,32,float16,True,1,16,cuda,flash_forced,cuda_sdpa_flash_forced,ok,,0.01021119998767972,0.010208000428974628,0.009664000011980534,0.011008000001311302,0.0002899312330678581,533504
128,32,bfloat16,False,1,16,cuda,sdpa_auto,cuda_sdpa_auto,ok,,0.010347199998795987,0.010239999741315842,0.009535999968647957,0.011264000087976456,0.0005869427473120232,533504
128,32,bfloat16,False,1,16,cuda,flash_forced,cuda_sdpa_flash_forced,ok,,0.010227199969813227,0.010191999841481447,0.009696000255644321,0.011264000087976456,0.00039301416443992903,533504
128,32,bfloat16,True,1,16,cuda,sdpa_auto,cuda_sdpa_auto,ok,,0.01039039995521307,0.010239999741315842,0.0098879998549819,0.011264000087976456,0.0003401797362221946,533504
128,32,bfloat16,True,1,16,cuda,flash_forced,cuda_sdpa_flash_forced,ok,,0.010431999899446964,0.010239999741315842,0.009952000342309475,0.011264000087976456,0.0003606217372648422,533504
128,64,float16,False,1,16,cuda,sdpa_auto,cuda_sdpa_auto,ok,,0.012931199930608272,0.013023999985307455,0.012191999703645706,0.013791999779641628,0.00041227866897268,1057792
128,64,float16,False,1,16,cuda,flash_forced,cuda_sdpa_flash_forced,ok,,0.012966400012373924,0.012959999963641167,0.01228800043463707,0.013311999849975109,0.00030148003505413605,1057792
128,64,float16,True,1,16,cuda,sdpa_auto,cuda_sdpa_auto,ok,,0.012966400012373924,0.013040000107139349,0.01228800043463707,0.013311999849975109,0.0003616989017465133,1057792
128,64,float16,True,1,16,cuda,flash_forced,cuda_sdpa_flash_forced,ok,,0.012772800214588643,0.01283199992030859,0.01228800043463707,0.013311999849975109,0.00037074094276800114,1057792
128,64,bfloat16,False,1,16,cuda,sdpa_auto,cuda_sdpa_auto,ok,,0.012630400061607362,0.012751999776810408,0.011839999817311764,0.01321600005030632,0.00040122686048917283,1057792
128,64,bfloat16,False,1,16,cuda,flash_forced,cuda_sdpa_flash_forced,ok,,0.01263040010817349,0.012719999998807907,0.011839999817311764,0.01321600005030632,0.0003812030528117046,1057792
128,64,bfloat16,True,1,16,cuda,sdpa_auto,cuda_sdpa_auto,ok,,0.013214399991557001,0.013008000329136848,0.012223999947309494,0.019328000023961067,0.0014381668249584265,1057792
128,64,bfloat16,True,1,16,cuda,flash_forced,cuda_sdpa_flash_forced,ok,,0.012683200137689709,0.01268799975514412,0.012160000391304493,0.013824000023305416,0.00037636058965513945,1057792
128,128,float16,False,1,16,cuda,sdpa_auto,cuda_sdpa_auto,ok,,0.01765439985319972,0.01775999926030636,0.01708799973130226,0.018432000651955605,0.00037319452387957436,2106368
128,128,float16,False,1,16,cuda,flash_forced,cuda_sdpa_flash_forced,ok,,0.01768000014126301,0.01774400006979704,0.01708799973130226,0.018432000651955605,0.00039575336196236713,2106368
128,128,float16,True,1,16,cuda,sdpa_auto,cuda_sdpa_auto,ok,,0.012304000090807676,0.01228800043463707,0.011935999616980553,0.012896000407636166,0.0002768509036249289,2106368
128,128,float16,True,1,16,cuda,flash_forced,cuda_sdpa_flash_forced,ok,,0.012368000205606222,0.01228800043463707,0.011872000060975552,0.012864000163972378,0.0002657155746154842,2106368
128,128,bfloat16,False,1,16,cuda,sdpa_auto,cuda_sdpa_auto,ok,,0.017659200076013803,0.017568000592291355,0.01724799908697605,0.018144000321626663,0.0002943782394411249,2106368
128,128,bfloat16,False,1,16,cuda,flash_forced,cuda_sdpa_flash_forced,ok,,0.01788960015401244,0.01788800023496151,0.017216000705957413,0.018751999363303185,0.00034635085119069593,2106368
128,128,bfloat16,True,1,16,cuda,sdpa_auto,cuda_sdpa_auto,ok,,0.012233600113540887,0.012191999703645706,0.011872000060975552,0.013183999806642532,0.00035346593609711645,2106368
128,128,bfloat16,True,1,16,cuda,flash_forced,cuda_sdpa_flash_forced,ok,,0.012296000169590116,0.01228800043463707,0.011935999616980553,0.012768000364303589,0.00018846758492893008,2106368
128,256,float16,False,1,16,cuda,sdpa_auto,cuda_sdpa_auto,ok,,0.02257919991388917,0.022415999323129654,0.02191999927163124,0.023264000192284584,0.0004755419769592477,8414208
128,256,float16,False,1,16,cuda,flash_forced,cuda_sdpa_flash_forced,ok,,0.02280960027128458,0.022512000054121017,0.021503999829292297,0.0306560005992651,0.001858993547976664,8414208
128,256,float16,True,1,16,cuda,sdpa_auto,cuda_sdpa_auto,ok,,0.02388960011303425,0.02393599972128868,0.02316799946129322,0.02457600086927414,0.00040229418441094884,8414208
128,256,float16,True,1,16,cuda,flash_forced,cuda_sdpa_flash_forced,ok,,0.02384160002693534,0.023711999878287315,0.02319999970495701,0.02457600086927414,0.00043045343041771814,8414208
128,256,bfloat16,False,1,16,cuda,sdpa_auto,cuda_sdpa_auto,ok,,0.022574399877339602,0.02247999981045723,0.021536000072956085,0.023391999304294586,0.0005107456996383151,8414208
128,256,bfloat16,False,1,16,cuda,flash_forced,cuda_sdpa_flash_forced,ok,,0.02270720014348626,0.022688000462949276,0.021503999829292297,0.023423999547958374,0.0005489096145300638,8414208
128,256,bfloat16,True,1,16,cuda,sdpa_auto,cuda_sdpa_auto,ok,,0.023972800094634296,0.024063999764621258,0.023391999304294586,0.024480000138282776,0.00043327507592239283,8414208
128,256,bfloat16,True,1,16,cuda,flash_forced,cuda_sdpa_flash_forced,ok,,0.023889600206166504,0.023919999599456787,0.023423999547958374,0.02457600086927414,0.0003517780460205224,8414208
512,32,float16,False,1,16,cuda,sdpa_auto,cuda_sdpa_auto,ok,,0.019703999720513822,0.01945599913597107,0.019071999937295914,0.02364799939095974,0.0009504524535164362,2130944
512,32,float16,False,1,16,cuda,flash_forced,cuda_sdpa_flash_forced,ok,,0.01944479988887906,0.019423999823629856,0.018880000337958336,0.019967999309301376,0.0003562326022724373,2130944
512,32,float16,True,1,16,cuda,sdpa_auto,cuda_sdpa_auto,ok,,0.02069119978696108,0.020479999482631683,0.020191999152302742,0.021503999829292297,0.00035263944565529383,2130944
512,32,float16,True,1,16,cuda,flash_forced,cuda_sdpa_flash_forced,ok,,0.02088479995727539,0.020911999978125095,0.020479999482631683,0.021376000717282295,0.00027383407709662865,2130944
512,32,bfloat16,False,1,16,cuda,sdpa_auto,cuda_sdpa_auto,ok,,0.019481599889695646,0.01945599913597107,0.018912000581622124,0.020160000771284103,0.0003223277909492195,2130944
512,32,bfloat16,False,1,16,cuda,flash_forced,cuda_sdpa_flash_forced,ok,,0.019459199532866477,0.01945599913597107,0.01881599985063076,0.020031999796628952,0.000309408728368902,2130944
512,32,bfloat16,True,1,16,cuda,sdpa_auto,cuda_sdpa_auto,ok,,0.020769599825143814,0.020655999891459942,0.019999999552965164,0.02147199958562851,0.0003966549848891965,2130944
512,32,bfloat16,True,1,16,cuda,flash_forced,cuda_sdpa_flash_forced,ok,,0.02076000003144145,0.020864000543951988,0.019967999309301376,0.021376000717282295,0.0003566064733189265,2130944
512,64,float16,False,1,16,cuda,sdpa_auto,cuda_sdpa_auto,ok,,0.028803200088441373,0.028672000393271446,0.028224000707268715,0.029600000008940697,0.00037261783852494495,4228096
512,64,float16,False,1,16,cuda,flash_forced,cuda_sdpa_flash_forced,ok,,0.02875520018860698,0.028672000393271446,0.028351999819278717,0.029440000653266907,0.0003290559434814583,4228096
512,64,float16,True,1,16,cuda,sdpa_auto,cuda_sdpa_auto,ok,,0.029952000267803668,0.02969600073993206,0.02940800040960312,0.030719999223947525,0.0003920485334274389,4228096
512,64,float16,True,1,16,cuda,flash_forced,cuda_sdpa_flash_forced,ok,,0.03016959996894002,0.0301919998601079,0.029503999277949333,0.030719999223947525,0.00034607340150047286,4228096
512,64,bfloat16,False,1,16,cuda,sdpa_auto,cuda_sdpa_auto,ok,,0.029086400102823973,0.02860799990594387,0.028224000707268715,0.038784001022577286,0.0022398282051540267,4228096
512,64,bfloat16,False,1,16,cuda,flash_forced,cuda_sdpa_flash_forced,ok,,0.028734400030225517,0.028672000393271446,0.028255999088287354,0.02969600073993206,0.00038962238564262694,4228096
512,64,bfloat16,True,1,16,cuda,sdpa_auto,cuda_sdpa_auto,ok,,0.030164800211787225,0.030207999981939793,0.02956799976527691,0.030719999223947525,0.0003671326802491509,4228096
512,64,bfloat16,True,1,16,cuda,flash_forced,cuda_sdpa_flash_forced,ok,,0.030270400177687406,0.030271999537944794,0.02969600073993206,0.031136000528931618,0.00034635087958619765,4228096
512,128,float16,False,1,16,cuda,sdpa_auto,cuda_sdpa_auto,ok,,0.05015679970383644,0.050175998359918594,0.049695998430252075,0.050912000238895416,0.0002528609049798418,8422400
512,128,float16,False,1,16,cuda,flash_forced,cuda_sdpa_flash_forced,ok,,0.050257600098848346,0.05016000010073185,0.04975999891757965,0.05110400170087814,0.00038672062230836577,8422400
512,128,float16,True,1,16,cuda,sdpa_auto,cuda_sdpa_auto,ok,,0.045651200041174886,0.04588799923658371,0.044895999133586884,0.04608000069856644,0.00043927508132205167,8422400
512,128,float16,True,1,16,cuda,flash_forced,cuda_sdpa_flash_forced,ok,,0.045680000260472295,0.04576000012457371,0.04505600035190582,0.04608000069856644,0.00038579591123870816,8422400
512,128,bfloat16,False,1,16,cuda,sdpa_auto,cuda_sdpa_auto,ok,,0.05010719951242208,0.050175998359918594,0.04960000142455101,0.050783999264240265,0.0002813953485764573,8422400
512,128,bfloat16,False,1,16,cuda,flash_forced,cuda_sdpa_flash_forced,ok,,0.0503407996147871,0.050175998359918594,0.04915200173854828,0.05119999870657921,0.0004939074068621255,8422400
512,128,bfloat16,True,1,16,cuda,sdpa_auto,cuda_sdpa_auto,ok,,0.04515359997749328,0.04500799998641014,0.04403200000524521,0.04755200073122978,0.0007969527280826794,8422400
512,128,bfloat16,True,1,16,cuda,flash_forced,cuda_sdpa_flash_forced,ok,,0.045057599991559984,0.04505600035190582,0.044415999203920364,0.0459199994802475,0.00032452395898888105,8422400
512,256,float16,False,1,16,cuda,sdpa_auto,cuda_sdpa_auto,ok,,0.09321280010044575,0.0931680016219616,0.09283199906349182,0.09414400160312653,0.0003444868998026505,16811008
512,256,float16,False,1,16,cuda,flash_forced,cuda_sdpa_flash_forced,ok,,0.09343519955873489,0.09359999746084213,0.09270399808883667,0.0942080020904541,0.00041282156645039696,16811008
512,256,float16,True,1,16,cuda,sdpa_auto,cuda_sdpa_auto,ok,,0.07769439965486527,0.07772799953818321,0.07680000364780426,0.07836800068616867,0.00039845707810016377,16811008
512,256,float16,True,1,16,cuda,flash_forced,cuda_sdpa_flash_forced,ok,,0.07778079994022846,0.0777439996600151,0.07715199887752533,0.07852800190448761,0.0003389995860469782,16811008
512,256,bfloat16,False,1,16,cuda,sdpa_auto,cuda_sdpa_auto,ok,,0.09344160072505474,0.09318400174379349,0.09286399930715561,0.0942080020904541,0.00040419857886182125,16811008
512,256,bfloat16,False,1,16,cuda,flash_forced,cuda_sdpa_flash_forced,ok,,0.09328480064868927,0.09318400174379349,0.09305600076913834,0.09382399916648865,0.00020546613673736905,16811008
512,256,bfloat16,True,1,16,cuda,sdpa_auto,cuda_sdpa_auto,ok,,0.0773760013282299,0.07747200131416321,0.0767040029168129,0.07782399654388428,0.00038333144316769925,16811008
512,256,bfloat16,True,1,16,cuda,flash_forced,cuda_sdpa_flash_forced,ok,,0.07734880112111568,0.07744000107049942,0.07680000364780426,0.07782399654388428,0.00040543654721424035,16811008
2048,32,float16,False,1,16,cuda,sdpa_auto,cuda_sdpa_auto,ok,,0.16710560098290445,0.1669120043516159,0.16636799275875092,0.16790400445461273,0.00041618156437072675,8520704
2048,32,float16,False,1,16,cuda,flash_forced,cuda_sdpa_flash_forced,ok,,0.1684799998998642,0.16865599900484085,0.1669120043516159,0.16947199404239655,0.000575821610800908,8520704
2048,32,float16,True,1,16,cuda,sdpa_auto,cuda_sdpa_auto,ok,,0.1168687991797924,0.11696000024676323,0.11110399663448334,0.12185599654912949,0.0024793151045707233,8520704
2048,32,float16,True,1,16,cuda,flash_forced,cuda_sdpa_flash_forced,ok,,0.11468960009515286,0.11366400122642517,0.10809600353240967,0.12086399644613266,0.003441695934521196,8520704
2048,32,bfloat16,False,1,16,cuda,sdpa_auto,cuda_sdpa_auto,ok,,0.16709120124578475,0.1669120043516159,0.16649599373340607,0.16777600347995758,0.00037895359851815975,8520704
2048,32,bfloat16,False,1,16,cuda,flash_forced,cuda_sdpa_flash_forced,ok,,0.1674191989004612,0.16740799695253372,0.16655999422073364,0.16979199647903442,0.0006490765638090921,8520704
2048,32,bfloat16,True,1,16,cuda,sdpa_auto,cuda_sdpa_auto,ok,,0.1170048002153635,0.11673600226640701,0.1103999987244606,0.12275200337171555,0.0033986874000398425,8520704
2048,32,bfloat16,True,1,16,cuda,flash_forced,cuda_sdpa_flash_forced,ok,,0.11594400107860565,0.11630399897694588,0.10956799983978271,0.1225920021533966,0.002994914793546132,8520704
2048,64,float16,False,1,16,cuda,sdpa_auto,cuda_sdpa_auto,ok,,0.30926560014486315,0.3092480003833771,0.30819201469421387,0.3107840120792389,0.0006885201961406455,16909312
2048,64,float16,False,1,16,cuda,flash_forced,cuda_sdpa_flash_forced,ok,,0.30912320166826246,0.3089919984340668,0.30854400992393494,0.31011199951171875,0.0004251188847306148,16909312
2048,64,float16,True,1,16,cuda,sdpa_auto,cuda_sdpa_auto,ok,,0.19779520109295845,0.19763199985027313,0.18089599907398224,0.21798400580883026,0.00988509470677739,16909312
2048,64,float16,True,1,16,cuda,flash_forced,cuda_sdpa_flash_forced,ok,,0.2001008003950119,0.1993440017104149,0.18534399569034576,0.21254399418830872,0.00637840538875296,16909312
2048,64,bfloat16,False,1,16,cuda,sdpa_auto,cuda_sdpa_auto,ok,,0.30958559811115266,0.3096639961004257,0.3081279993057251,0.3112320005893707,0.0007253846549857519,16909312
2048,64,bfloat16,False,1,16,cuda,flash_forced,cuda_sdpa_flash_forced,ok,,0.30908320248126986,0.3091680109500885,0.30822399258613586,0.3102720081806183,0.0004801404151561213,16909312
2048,64,bfloat16,True,1,16,cuda,sdpa_auto,cuda_sdpa_auto,ok,,0.20040000155568122,0.20015999674797058,0.17897599935531616,0.21401600539684296,0.007764195206259264,16909312
2048,64,bfloat16,True,1,16,cuda,flash_forced,cuda_sdpa_flash_forced,ok,,0.1979391999542713,0.19700800627470016,0.1847040057182312,0.20927999913692474,0.008137609525656625,16909312
2048,128,float16,False,1,16,cuda,sdpa_auto,cuda_sdpa_auto,ok,,0.6151776015758514,0.6149919927120209,0.6142079830169678,0.6164479851722717,0.0007053820589896341,33686528
2048,128,float16,False,1,16,cuda,flash_forced,cuda_sdpa_flash_forced,ok,,0.6152032017707825,0.61531201004982,0.6144000291824341,0.6163520216941833,0.0005550728530501285,33686528
2048,128,float16,True,1,16,cuda,sdpa_auto,cuda_sdpa_auto,ok,,0.32157600075006487,0.32097600400447845,0.3107199966907501,0.3333759903907776,0.005968696932984132,33686528
2048,128,float16,True,1,16,cuda,flash_forced,cuda_sdpa_flash_forced,ok,,0.31929759830236437,0.31756800413131714,0.3031040132045746,0.3364799916744232,0.008618521394694012,33686528
2048,128,bfloat16,False,1,16,cuda,sdpa_auto,cuda_sdpa_auto,ok,,0.6170560121536255,0.6142560243606567,0.6130880117416382,0.6347200274467468,0.007038189508727021,33686528
2048,128,bfloat16,False,1,16,cuda,flash_forced,cuda_sdpa_flash_forced,ok,,0.6325488001108169,0.6320319771766663,0.6256639957427979,0.640608012676239,0.005036765627462205,33686528
2048,128,bfloat16,True,1,16,cuda,sdpa_auto,cuda_sdpa_auto,ok,,0.3273151978850365,0.32819199562072754,0.3152320086956024,0.34278398752212524,0.008345505562266119,33686528
2048,128,bfloat16,True,1,16,cuda,flash_forced,cuda_sdpa_flash_forced,ok,,0.32403360307216644,0.32364800572395325,0.3112640082836151,0.3343679904937744,0.005815795307348956,33686528
2048,256,float16,False,1,16,cuda,sdpa_auto,cuda_sdpa_auto,ok,,1.1432799994945526,1.1464640498161316,1.128864049911499,1.148576021194458,0.006051899677555656,67240960
2048,256,float16,False,1,16,cuda,flash_forced,cuda_sdpa_flash_forced,ok,,1.1483312010765077,1.1466880440711975,1.1360960006713867,1.1673599481582642,0.01078234324288494,67240960
2048,256,float16,True,1,16,cuda,sdpa_auto,cuda_sdpa_auto,ok,,0.6382624000310898,0.6376640200614929,0.6355839967727661,0.6409919857978821,0.0014231204648649924,67240960
2048,256,float16,True,1,16,cuda,flash_forced,cuda_sdpa_flash_forced,ok,,0.6363583981990815,0.6356799900531769,0.6337599754333496,0.6396160125732422,0.0019202558943171443,67240960
2048,256,bfloat16,False,1,16,cuda,sdpa_auto,cuda_sdpa_auto,ok,,1.117134404182434,1.1127520203590393,1.1115520000457764,1.176576018333435,0.014633672851155173,67240960
2048,256,bfloat16,False,1,16,cuda,flash_forced,cuda_sdpa_flash_forced,ok,,1.1903280198574067,1.1776480078697205,1.1663360595703125,1.2390400171279907,0.023558929964374368,67240960
2048,256,bfloat16,True,1,16,cuda,sdpa_auto,cuda_sdpa_auto,ok,,0.6379776030778885,0.6349280178546906,0.6322240233421326,0.6512320041656494,0.006450749989622073,67240960
2048,256,bfloat16,True,1,16,cuda,flash_forced,cuda_sdpa_flash_forced,ok,,0.6335087984800338,0.6338399946689606,0.6295999884605408,0.6367040276527405,0.0017699341478326573,67240960
4096,32,float16,False,1,16,cuda,sdpa_auto,cuda_sdpa_auto,ok,,0.5614383935928344,0.5611519813537598,0.5579519867897034,0.5646719932556152,0.0019902968504589,17040384
4096,32,float16,False,1,16,cuda,flash_forced,cuda_sdpa_flash_forced,ok,,0.5607344001531601,0.5606400072574615,0.5577279925346375,0.5642240047454834,0.0021802642401318297,17040384
4096,32,float16,True,1,16,cuda,sdpa_auto,cuda_sdpa_auto,ok,,0.34208799749612806,0.34094400703907013,0.3264319896697998,0.3603839874267578,0.009357786892716907,17040384
4096,32,float16,True,1,16,cuda,flash_forced,cuda_sdpa_flash_forced,ok,,0.34114399999380113,0.3415679931640625,0.3272959887981415,0.35923200845718384,0.009485717482155704,17040384
4096,32,bfloat16,False,1,16,cuda,sdpa_auto,cuda_sdpa_auto,ok,,0.5574320018291473,0.5570560097694397,0.5566719770431519,0.5590400099754333,0.0006617025780195297,17040384
4096,32,bfloat16,False,1,16,cuda,flash_forced,cuda_sdpa_flash_forced,ok,,0.5570127993822098,0.5570560097694397,0.5558080077171326,0.5580800175666809,0.0005409087065631033,17040384
4096,32,bfloat16,True,1,16,cuda,sdpa_auto,cuda_sdpa_auto,ok,,0.35447520315647124,0.35416001081466675,0.33587199449539185,0.3696640133857727,0.008747968909176496,17040384
4096,32,bfloat16,True,1,16,cuda,flash_forced,cuda_sdpa_flash_forced,ok,,0.3524336010217667,0.34961600601673126,0.3336640000343323,0.37833601236343384,0.013159290177085031,17040384
4096,64,float16,False,1,16,cuda,sdpa_auto,cuda_sdpa_auto,ok,,1.0961119890213014,1.0953440070152283,1.0598399639129639,1.1223039627075195,0.015308389536422702,33817600
4096,64,float16,False,1,16,cuda,flash_forced,cuda_sdpa_flash_forced,ok,,1.0907247841358185,1.0894879698753357,1.0850239992141724,1.102687954902649,0.00530462190401344,33817600
4096,64,float16,True,1,16,cuda,sdpa_auto,cuda_sdpa_auto,ok,,0.6406399965286255,0.6394879817962646,0.6000639796257019,0.6704000234603882,0.019848488082355422,33817600
4096,64,float16,True,1,16,cuda,flash_forced,cuda_sdpa_flash_forced,ok,,0.6395087987184525,0.6379520297050476,0.6102079749107361,0.6796479821205139,0.02165157137551649,33817600
4096,64,bfloat16,False,1,16,cuda,sdpa_auto,cuda_sdpa_auto,ok,,1.07292799949646,1.0695520043373108,1.052672028541565,1.0885119438171387,0.008553729319297097,33817600
4096,64,bfloat16,False,1,16,cuda,flash_forced,cuda_sdpa_flash_forced,ok,,1.0754495978355407,1.075648009777069,1.0665919780731201,1.0881600379943848,0.007037839626936181,33817600
4096,64,bfloat16,True,1,16,cuda,sdpa_auto,cuda_sdpa_auto,ok,,0.6318975985050201,0.6271359920501709,0.609279990196228,0.6584320068359375,0.013311320359537894,33817600
4096,64,bfloat16,True,1,16,cuda,flash_forced,cuda_sdpa_flash_forced,ok,,0.6378416001796723,0.6376320123672485,0.6029760241508484,0.6743680238723755,0.019011494301433975,33817600
4096,128,float16,False,1,16,cuda,sdpa_auto,cuda_sdpa_auto,ok,,6.681547236442566,6.787312030792236,5.343232154846191,6.910975933074951,0.3649576409551518,67372032
4096,128,float16,False,1,16,cuda,flash_forced,cuda_sdpa_flash_forced,ok,,6.65888478755951,6.6537439823150635,6.6427202224731445,6.7223358154296875,0.01879888877122218,67372032
4096,128,float16,True,1,16,cuda,sdpa_auto,cuda_sdpa_auto,ok,,1.1286208033561707,1.1282240152359009,1.1066559553146362,1.151360034942627,0.010326759120805816,67372032
4096,128,float16,True,1,16,cuda,flash_forced,cuda_sdpa_flash_forced,ok,,1.1466976046562194,1.148688018321991,1.120736002922058,1.176576018333435,0.014775400869818111,67372032
4096,128,bfloat16,False,1,16,cuda,sdpa_auto,cuda_sdpa_auto,ok,,6.68079035282135,6.816767930984497,5.5562238693237305,6.944831848144531,0.40912523339908824,67372032
4096,128,bfloat16,False,1,16,cuda,flash_forced,cuda_sdpa_flash_forced,ok,,6.686974406242371,6.691936016082764,6.595327854156494,6.795040130615234,0.047548854818490464,67372032
4096,128,bfloat16,True,1,16,cuda,sdpa_auto,cuda_sdpa_auto,ok,,1.125843209028244,1.125984013080597,1.094655990600586,1.1464320421218872,0.014070009209413935,67372032
4096,128,bfloat16,True,1,16,cuda,flash_forced,cuda_sdpa_flash_forced,ok,,1.13196160197258,1.1349919438362122,1.1018240451812744,1.153439998626709,0.012442989016916772,67372032
4096,256,float16,False,1,16,cuda,sdpa_auto,cuda_sdpa_auto,ok,,13.307361602783203,13.407455921173096,11.660287857055664,13.77791976928711,0.5099346603992965,134480896
4096,256,float16,False,1,16,cuda,flash_forced,cuda_sdpa_flash_forced,ok,,13.33707365989685,13.288832187652588,13.20793628692627,13.553024291992188,0.10380479602212178,134480896
4096,256,float16,True,1,16,cuda,sdpa_auto,cuda_sdpa_auto,ok,,5.964900827407837,6.754192113876343,4.573696136474609,6.77785587310791,1.0081236164828105,134480896
4096,256,float16,True,1,16,cuda,flash_forced,cuda_sdpa_flash_forced,ok,,4.745712018013,4.738048076629639,4.66431999206543,4.827871799468994,0.06286316264489551,134480896
4096,256,bfloat16,False,1,16,cuda,sdpa_auto,cuda_sdpa_auto,ok,,11.756420707702636,13.285823822021484,9.018367767333984,13.516703605651855,2.00060801415617,134480896
4096,256,bfloat16,False,1,16,cuda,flash_forced,cuda_sdpa_flash_forced,ok,,13.295648002624512,13.276448249816895,13.236224174499512,13.390848159790039,0.04396732782670432,134480896
4096,256,bfloat16,True,1,16,cuda,sdpa_auto,cuda_sdpa_auto,ok,,6.624337601661682,6.7806079387664795,4.685823917388916,6.862239837646484,0.5110941287259522,134480896
4096,256,bfloat16,True,1,16,cuda,flash_forced,cuda_sdpa_flash_forced,ok,,6.719646430015564,6.943104028701782,4.8506879806518555,7.018496036529541,0.6190505037957438,134480896
