seq_len,head_dim,dtype,causal,batch_size,heads,device,method,backend,status,error,mean_latency_ms,median_latency_ms,min_latency_ms,max_latency_ms,std_latency_ms,memory_allocated_bytes,attention_pairs,estimated_attention_flops,mean_tflops,median_tflops,median_us_per_token,median_ns_per_attention_pair
4096,32,float16,False,1,16,cuda,sdpa_auto,cuda_sdpa_auto,ok,,0.6224836802482605,0.6225600242614746,0.6184960007667542,0.6399999856948853,0.0027503228433165537,17040384,16777216,34359738368,55.19781394798425,55.19104508639145,0.15199219342321157,0.002319216818591485
4096,32,float16,False,1,16,cuda,flash_forced,cuda_sdpa_flash_forced,ok,,0.6348595234751702,0.6348479986190796,0.6328319907188416,0.6461439728736877,0.0019797393299390287,17040384,16777216,34359738368,54.12179718107959,54.12277969331124,0.15499218716286123,0.00236499309025362
4096,32,float16,True,1,16,cuda,sdpa_auto,cuda_sdpa_auto,ok,,0.3853075194358826,0.3845120072364807,0.3624959886074066,0.40959998965263367,0.009377063907674966,17040384,8390656,17184063488,44.59830815956741,44.69057705506591,0.09387500176671892,0.0028641384478496133
4096,32,float16,True,1,16,cuda,flash_forced,cuda_sdpa_flash_forced,ok,,0.3985363191366196,0.3988319933414459,0.37785598635673523,0.4331519901752472,0.010052877471256888,17040384,8390656,17184063488,43.117935964348696,43.085970471000984,0.09737109212437645,0.0029708046169263013
4096,64,float16,False,1,16,cuda,sdpa_auto,cuda_sdpa_auto,ok,,1.1618145787715912,1.16428804397583,1.134592056274414,1.1960320472717285,0.011175130441343864,33817600,16777216,68719476736,59.14840284467632,59.02274535203127,0.28425001073628664,0.004337310954838358
4096,64,float16,False,1,16,cuda,flash_forced,cuda_sdpa_flash_forced,ok,,1.1443071991205216,1.1499520540237427,1.13046395778656,1.16428804397583,0.009345289709139835,33817600,16777216,68719476736,60.05334650416918,59.75855818992361,0.2807500131893903,0.0042839052305509995
4096,64,float16,True,1,16,cuda,sdpa_auto,cuda_sdpa_auto,ok,,0.6766636788845062,0.6758400201797485,0.634880006313324,0.7240319848060608,0.01942510693418423,33817600,8390656,34368126976,50.79055969526331,50.85245908766892,0.16500000492669642,0.0050341714952006475
4096,64,float16,True,1,16,cuda,flash_forced,cuda_sdpa_flash_forced,ok,,0.694401281774044,0.693231999874115,0.6512640118598938,0.7526400089263916,0.019574332093521996,33817600,8390656,34368126976,49.493179056635555,49.57665973619359,0.16924609371926636,0.005163720213548522
4096,128,float16,False,1,16,cuda,sdpa_auto,cuda_sdpa_auto,ok,,2.2061227536201478,2.2287518978118896,2.141184091567993,2.3296000957489014,0.04522859515244016,67372032,16777216,137438953472,62.298869474270596,61.666331549479665,0.5441288813017309,0.008302747822597212
4096,128,float16,False,1,16,cuda,flash_forced,cuda_sdpa_flash_forced,ok,,2.1347000002861023,2.1278719902038574,2.1227519512176514,2.189311981201172,0.014519981067877625,67372032,16777216,137438953472,64.38326390292772,64.5898597776236,0.5194999976083636,0.007926940881475275
4096,128,float16,True,1,16,cuda,sdpa_auto,cuda_sdpa_auto,ok,,1.1550852781534195,1.1550719738006592,1.1018240451812744,1.2031359672546387,0.0188833816788491,67372032,8390656,68736253952,59.507514511729745,59.50819993132516,0.28199999360367656,0.008603856285198821
4096,128,float16,True,1,16,cuda,flash_forced,cuda_sdpa_flash_forced,ok,,1.1840993547439576,1.1852959990501404,1.1356159448623657,1.227776050567627,0.01783350804598957,67372032,8390656,68736253952,58.049397355564906,57.9907921794076,0.2893789060181007,0.008828987857520768
4096,256,float16,False,1,16,cuda,sdpa_auto,cuda_sdpa_auto,ok,,4.153627893924713,4.1308159828186035,4.127744197845459,4.281343936920166,0.04413139643749583,134480896,16777216,274877906944,66.17778818031559,66.54324668232763,1.0084999958053231,0.01538848870552556
4096,256,float16,False,1,16,cuda,flash_forced,cuda_sdpa_flash_forced,ok,,4.179652483463287,4.176896095275879,4.143104076385498,4.3089919090271,0.03654474225099378,134480896,16777216,274877906944,65.76573244583109,65.80913211005902,1.0197500232607126,0.015560150501414682
4096,256,float16,True,1,16,cuda,sdpa_auto,cuda_sdpa_auto,ok,,2.4223583984375,2.4248321056365967,2.3838720321655273,2.480128049850464,0.03291177562030373,134480896,8390656,137472507904,56.75151455402894,56.693619151792376,0.5920000257901847,0.018061997369727384
4096,256,float16,True,1,16,cuda,flash_forced,cuda_sdpa_flash_forced,ok,,2.3874798583984376,2.382848024368286,2.3797760009765625,2.4268798828125,0.01205347303495386,134480896,8390656,137472507904,57.58059378822108,57.692520252291445,0.5817500059492886,0.017749267938408853
