method,seq_len,head_dim,dtype,block_m,block_n,block_d,correctness_max_abs_diff,correctness_mean_abs_diff,mean_latency_ms,median_latency_ms,min_latency_ms,max_latency_ms,std_latency_ms,memory_allocated_bytes,estimated_qk_flops,mean_tflops,median_tflops,median_us_per_token,median_ns_per_qk_pair
torch_matmul,2048,32,float16,,,,0.010601043701171875,0.0007887640967965126,0.030786133495469888,0.02969600073993206,0.028672000393271446,0.04095999896526337,0.002479396697871869,50724864,268435456,8.71936243762146,9.039448050627108,0.014500000361294951,0.0070800783014135504
triton_qk_matmul,2048,32,float16,16,16,32,0.010601043701171875,0.0007887640967965126,0.053999999662240346,0.05427199974656105,0.05222399905323982,0.05939200147986412,0.0014460500014203553,50724864,268435456,4.9710269940557845,4.946113230644489,0.026499999876250513,0.012939453064575446
triton_qk_matmul,2048,32,float16,32,32,32,0.010601043701171875,0.0007887640967965126,0.1939455990990003,0.20684800297021866,0.13312000036239624,0.2682879865169525,0.0508668666165831,50724864,268435456,1.3840760359969604,1.2977425556225868,0.10100000145030208,0.04931640695815531
triton_qk_matmul,2048,32,float16,64,64,32,0.010601043701171875,0.0007887640967965126,0.09563839932282765,0.07987199909985065,0.048128001391887665,0.26521599292755127,0.0521876452692044,50724864,268435456,2.806774871815822,3.36082055069662,0.03899999956047395,0.019042968535387672
torch_matmul,2048,64,float16,,,,0.01558685302734375,0.001117910724133253,0.03652053438127041,0.036848001182079315,0.03580800071358681,0.03993599861860275,0.0008503786782925327,50987008,536870912,14.70052180494201,14.569878820485444,0.017992188077187166,0.008785248084564046
triton_qk_matmul,2048,64,float16,16,16,64,0.01558685302734375,0.001117910724133253,0.05925653452674548,0.05939200147986412,0.05734400078654289,0.062463998794555664,0.0011435444581786413,50987008,536870912,9.060113222748166,9.039448050627108,0.029000000722589903,0.014160156602827101
triton_qk_matmul,2048,64,float16,32,32,64,0.01558685302734375,0.001117910724133253,0.04898346774280071,0.04915200173854828,0.048128001391887665,0.05222399905323982,0.0009545057482640539,50987008,536870912,10.960247135196058,10.92266628032262,0.024000000848900527,0.01171875041450221
triton_qk_matmul,2048,64,float16,64,64,64,0.01558685302734375,0.001117910724133253,0.13608746627966564,0.131071999669075,0.12902399897575378,0.18432000279426575,0.01185836078039137,50987008,536870912,3.9450430423673772,4.096000010341406,0.06399999983841553,0.031249999921101335
torch_matmul,2048,128,float16,,,,0.015625,0.0015855464152991772,0.06205333446462949,0.05939200147986412,0.058368001133203506,0.12800000607967377,0.012400271513499218,51511296,1073741824,17.30353144216665,18.078896101254216,0.029000000722589903,0.014160156602827101
triton_qk_matmul,2048,128,float16,16,16,128,0.015625,0.0015855464152991772,0.11526826818784078,0.11468800157308578,0.11264000087976456,0.12902399897575378,0.002916552837804173,51511296,1073741824,9.315155340498688,9.362285585870548,0.05600000076810829,0.027343750375052878
triton_qk_matmul,2048,128,float16,32,32,128,0.015625,0.0015855464152991772,0.13960426524281502,0.13312000036239624,0.11980800330638885,0.22524799406528473,0.02180858628192145,51511296,1073741824,7.691325348351145,8.06596920881102,0.06500000017695129,0.031738281336402
triton_qk_matmul,2048,128,float16,64,64,128,0.015625,0.0015855464152991772,0.13629333277543385,0.13209599256515503,0.12902399897575378,0.17715199291706085,0.011561206405008764,51511296,1073741824,7.878168375038345,8.128496581532461,0.0644999963697046,0.031494138852394826
